address,messages
0x272e44e5a9616506953f9a6a4ff324659f8c95bc,110
0x7cf697896f8e102083694b59b2701eb671c3eb32,105
0x99dbbf6d16cbdeb6d44e5dded63c3998e87beb51,93
0x4bdd0f0e4b6eef4db1b5f14b9f68996b9ca766c4,114
0x7305b2b92305f925f5ad64276707dbfd6a302368,102
0x513d715ef922a3bebc85470c43730a562ba5a9fe,95
0x8da0dbec8dd4ad6c6f698000b44f03842056c271,93
0xb625c50a3267f203c63fdf54038749e1884cd836,104
0xd3f32360e640bc45da62a1e0233003bbfb6eed53,108
0xd466931e833261dd57dd4e5202cb4ced6026ee8c,99
0x62cc815a00866448d867c6b9ed9d477e21e88135,100
0x47b0bbf213cb1ce055713bc1d3adde442717fac9,105
0x1b97806a6fc4077d574b26db4559e5eb3ccb6a03,91
0x15395228aa8972cd97de89ae40492c47a2ffccdd,108
0x564c715a28bedb330833597d84e9433670089d2e,96
0x81fb3bd7d96b8ebd699fcb9b2e71f0da0c1abd15,109
0x93fd7cee720ec1cc3a540e065780954b06c5c4bd,112
0x46dc017988fccd69b549b4ee515b5b8066f125e7,97
0x939109be7d71b7dc200f637512eda653caa8977d,99
0xb7515be2116ed9769a4977154532817576188ba0,93
0xac7c7237383f6c03360d84578f701e5b641990b4,109
0xb57a40c5b78566ff2790ee5e6bdcaf020e37ca81,113
0xba90fe64e02d1d6fc4cecdaf5d1b0dd37cc73959,97
0xd24b582a57a3d9b330f1d9c794e0d0a930abc6c2,100
0x9483b896d330baec9dded20f86873efbc2210bb1,98
0x65e78b6fd85044f8c370c8b4b01d6c62a549a0bf,101
0xfd9bda6fa5a8720a7d43f7a8f930aa595548f12a,99
0x166acfe5a8b4652a97e7e6d753369fc94bea018a,115
0x6f7966f955120f9bce9b1458024f87218c90be67,111
0x2fe06e84bd4398bae1c9731e42ac4577e21e3d67,98
0xea691d994f3291c6a51af402f6cd580e34c62262,92
0xd410c287324499c96876f6c6cb29b8275565be90,85
0x35542ce1d94ffc473f6b4fa5bce2f957d296731f,108
0xc0a7dad29cc06143646400cb1400a3fee1694bb4,99
0x17a1475f6952e75383b8563cea765c642133b728,100
0x2bc478d03301ea2aadd19e1bb267c22250e5ecbe,110
0x97467988714430d6605ea1ea4d717d9d804b975e,85
0xcd409e28a99d317461a26a5d9db53106af9c1e76,115
0x8d733c61675ef9589431f7517c8f4a646b408c17,112
0xf0b509c17bc2de18e903efb3edee6d3954942845,105
0xdc9b57371ce8fd97ef518017226f8ce7aed26ae9,101
0x1706dc8fe5b1402a8b120df2d593b15011c9379e,116
0xda32f80c4ebe1dcd91ccc3d4d7db69cc391f91bc,105
0x81c8456acc203b05392b78ccd3e708a399b049ae,98
0x2932b054387fffc4802b0c4ae941a02cdd6e214b,117
0x363c5fc983aae627b9c1ad9143207a2f0d95c5d8,92
0x7613be4a7f6ede961e7cfd68afa9312566aaf8a5,104
0xf6d3da0440260eb7a68e9ec020a50ed0d8d0d9d0,112
0x8183d9436b4641694e619562de87d716d5d65ea9,103
